id,sequence,on_target_score,off_target_score,combined_score,genomic_position,efficiency_confidence
BRCA1_gRNA_4_02,GTGATCCGACATGGTGTCGT,0.8481874160838081,0.029660584006702986,0.8970482160476037,chr17:43099742,0.8350148250604607
BRCA1_gRNA_2_07,GAGTGGCTACGCTATCGTCT,0.8717032233388333,0.0703042753555315,0.8949002238610875,chr17:43101902,0.7576445728501375
BRCA1_gRNA_2_05,GCTCTTAGCCTCAAGCGAGA,0.9095901527876106,0.13828335289517815,0.8904407505144951,chr17:43100131,0.7102826881942296
BRCA1_gRNA_4_03,GGAGGACCACCTTTGCCGTA,0.9022828107675087,0.153080318701838,0.88013755897977,chr17:43096439,0.8871484163503224
BRCA1_gRNA_2_02,GGATAAGGCGATAACAGACT,0.9229080046284635,0.19466349528776866,0.8758794046619707,chr17:43102129,0.9138911612454108
BRCA1_gRNA_2_00,GCTCGGTGCGTTATCTGTCA,0.8295965712957718,0.06923492636089026,0.8700639722331069,chr17:43095560,0.783791299464506
BRCA1_gRNA_3_06,GAAGTTGCTCCAGGGAAAAA,0.88549812667094,0.16298103921350104,0.8661064603171635,chr17:43102167,0.7661377629144556
BRCA1_gRNA_2_04,GCGGGTAAGTCTGTGTCCCA,0.8425605004046355,0.11260741528413415,0.8604933341291277,chr17:43097868,0.7527024969373715
BRCA1_gRNA_2_01,GCCGGAAACGAATACTGCTT,0.8172945258828495,0.08340016991544756,0.8570166475635306,chr17:43100585,0.7873861779964363
BRCA1_gRNA_4_06,GGGCAGTAAGCCGTTGGTGT,0.9367612603528513,0.286997755666969,0.8472576539449233,chr17:43096537,0.7137575649963485
BRCA1_gRNA_5_06,GCCGTTTAGGTTGAGACCCT,0.8023419080552131,0.08736159109405577,0.8464605083955056,chr17:43103235,0.9180765055115812
BRCA1_gRNA_4_00,GCTCTTCGCCCCATTCCGGT,0.8869464906128708,0.23070655531954226,0.8398852722399056,chr17:43097239,0.7474549522000264
BRCA1_gRNA_4_05,GTTCGCGGACTGCGCGTAAA,0.9099153676645091,0.2682057239159862,0.8386669310323109,chr17:43096412,0.8922444975211693
BRCA1_gRNA_3_03,GCAACTAAACTACTGGAGTT,0.7896389110967592,0.09948544741530431,0.8339891676919338,chr17:43095270,0.7977826212227248
BRCA1_gRNA_3_04,GGCCACACCACCATGACGCA,0.7544551592946408,0.051972817732168976,0.8318839684839169,chr17:43096772,0.7766500266547993
BRCA1_gRNA_5_08,GGCCTAGTAATTGTTAATGA,0.768530809027208,0.07824227058298973,0.829821577183129,chr17:43096365,0.8882838718705335
BRCA1_gRNA_3_01,GTAAGAGTTGCTTAAGGGCA,0.9519902400319957,0.3539757561984485,0.8296038415398181,chr17:43097809,0.9215610798891496
BRCA1_gRNA_4_04,GACGGGTACCCTACGGCAGT,0.7724465620825681,0.0850574272903025,0.8294449663334198,chr17:43101999,0.8968431996943018
BRCA1_gRNA_3_05,GTGAGGTCTTCTGGACCTTA,0.8114656128212289,0.15556194505592744,0.8246545896703663,chr17:43096103,0.8664656302482421
BRCA1_gRNA_5_02,GCTGTCACGTGTTCCGTATT,0.9034053351778228,0.3012866812411809,0.8215285286102213,chr17:43096944,0.729395792390635
